{"cameraMode":{"drawMode":0,"name":"Shaded","section":"Shading Mode"},"sceneLighting":true,"audioPlay":false,"sceneViewState":{"m_AlwaysRefresh":false,"showFog":true,"showSkybox":true,"showFlares":true,"showImageEffects":true,"showParticleSystems":true,"showVisualEffectGraphs":true,"m_FxEnabled":true},"in2DMode":false,"pivot":{"x":2.0549981594085695,"y":1.3479586839675904,"z":-6.313460826873779},"rotation":{"x":-0.37355151772499087,"y":-0.2658528983592987,"z":0.11265266686677933,"w":-0.8815402388572693},"size":11.925186157226563,"orthographic":false}